ticker,train_bars,test_bars,train_start,train_end,test_start,test_end,oos_accuracy,majority_baseline_accuracy,oos_macro_f1,best_iteration
BBCA.JK,252,63,2020-03-27,2021-04-14,2021-04-29,2021-08-03,0.2381,0.4762,0.1316,15
BBCA.JK,252,63,2021-08-04,2022-08-15,2022-08-31,2022-11-25,0.3968,0.4127,0.309,10
BBCA.JK,252,63,2022-11-28,2023-12-11,2023-12-28,2024-04-03,0.254,0.381,0.1863,8
BMRI.JK,252,63,2020-03-27,2021-04-14,2021-04-29,2021-08-03,0.254,0.5556,0.135,2
BMRI.JK,252,63,2021-08-04,2022-08-15,2022-08-31,2022-11-25,0.4762,0.4762,0.2151,1
BMRI.JK,252,63,2022-11-28,2023-12-11,2023-12-28,2024-04-03,0.2857,0.3968,0.2319,21
BBRI.JK,252,63,2020-03-27,2021-04-14,2021-04-29,2021-08-03,0.6508,0.6508,0.2628,1
BBRI.JK,252,63,2021-08-04,2022-08-15,2022-08-31,2022-11-25,0.381,0.4762,0.2826,1
BBRI.JK,252,63,2022-11-28,2023-12-11,2023-12-28,2024-04-03,0.1587,0.4444,0.0952,46
BBNI.JK,252,63,2020-03-27,2021-04-14,2021-04-29,2021-08-03,0.1111,0.6508,0.0667,1
BBNI.JK,252,63,2021-08-04,2022-08-15,2022-08-31,2022-11-25,0.4286,0.3651,0.3484,2
BBNI.JK,252,63,2022-11-28,2023-12-11,2023-12-28,2024-04-03,0.381,0.3651,0.2155,7
TLKM.JK,252,63,2020-03-27,2021-04-14,2021-04-29,2021-08-03,0.3175,0.3968,0.1606,25
TLKM.JK,252,63,2021-08-04,2022-08-15,2022-08-31,2022-11-25,0.2381,0.7302,0.2443,18
TLKM.JK,252,63,2022-11-28,2023-12-11,2023-12-28,2024-04-03,0.5714,0.5714,0.2424,1
ASII.JK,252,63,2020-03-27,2021-04-14,2021-04-29,2021-08-03,0.127,0.6825,0.0896,16
ASII.JK,252,63,2021-08-04,2022-08-15,2022-08-31,2022-11-25,0.3968,0.7302,0.2153,12
ASII.JK,252,63,2022-11-28,2023-12-11,2023-12-28,2024-04-03,0.5238,0.5556,0.3511,185
UNVR.JK,252,63,2020-03-27,2021-04-14,2021-04-29,2021-08-03,0.0476,0.6667,0.0303,2
UNVR.JK,252,63,2021-08-04,2022-08-15,2022-08-31,2022-11-25,0.3016,0.381,0.2409,11
UNVR.JK,252,63,2022-11-28,2023-12-11,2023-12-28,2024-04-03,0.4921,0.6667,0.4455,2
INDF.JK,252,63,2020-03-27,2021-04-14,2021-04-29,2021-08-03,0.2222,0.5714,0.1939,1
INDF.JK,252,63,2021-08-04,2022-08-15,2022-08-31,2022-11-25,0.381,0.381,0.3402,39
INDF.JK,252,63,2022-11-28,2023-12-11,2023-12-28,2024-04-03,0.2698,0.5238,0.2014,74
KLBF.JK,252,63,2020-03-27,2021-04-14,2021-04-29,2021-08-03,0.0952,0.6667,0.0772,257
KLBF.JK,252,63,2021-08-04,2022-08-15,2022-08-31,2022-11-25,0.5397,0.5238,0.339,21
KLBF.JK,252,63,2022-11-28,2023-12-11,2023-12-28,2024-04-03,0.5714,0.5714,0.25,25
ADRO.JK,252,63,2020-03-27,2021-04-14,2021-04-29,2021-08-03,0.6349,0.4127,0.6422,48
ADRO.JK,252,63,2021-08-04,2022-08-15,2022-08-31,2022-11-25,0.2222,0.4286,0.1742,21
ADRO.JK,252,63,2022-11-28,2023-12-11,2023-12-28,2024-04-03,0.3492,0.381,0.1833,29
ANTM.JK,252,63,2020-03-27,2021-04-14,2021-04-29,2021-08-03,0.2222,0.5714,0.1212,1
ANTM.JK,252,63,2021-08-04,2022-08-15,2022-08-31,2022-11-25,0.1905,0.4762,0.1792,2
ANTM.JK,252,63,2022-11-28,2023-12-11,2023-12-28,2024-04-03,0.254,0.6032,0.135,1
PTBA.JK,252,63,2020-03-27,2021-04-14,2021-04-29,2021-08-03,0.4127,0.4444,0.1992,49
PTBA.JK,252,63,2021-08-04,2022-08-15,2022-08-31,2022-11-25,0.1746,0.5238,0.1629,66
PTBA.JK,252,63,2022-11-28,2023-12-11,2023-12-28,2024-04-03,0.3333,0.3651,0.2588,2
GGRM.JK,252,63,2020-03-27,2021-04-14,2021-04-29,2021-08-03,0.381,0.5556,0.3098,159
GGRM.JK,252,63,2021-08-04,2022-08-15,2022-08-31,2022-11-25,0.3492,0.6349,0.257,14
GGRM.JK,252,63,2022-11-28,2023-12-11,2023-12-28,2024-04-03,0.1111,0.6349,0.0667,6
HMSP.JK,252,63,2020-03-27,2021-04-14,2021-04-29,2021-08-03,0.1587,0.7143,0.0913,2
HMSP.JK,252,63,2021-08-04,2022-08-15,2022-08-31,2022-11-25,0.5873,0.4444,0.5844,75
HMSP.JK,252,63,2022-11-28,2023-12-11,2023-12-28,2024-04-03,0.4762,0.5079,0.3936,40
SMGR.JK,252,63,2020-03-27,2021-04-14,2021-04-29,2021-08-03,0.3175,0.7937,0.2317,15
SMGR.JK,252,63,2021-08-04,2022-08-15,2022-08-31,2022-11-25,0.4127,0.4127,0.1992,49
SMGR.JK,252,63,2022-11-28,2023-12-11,2023-12-28,2024-04-03,0.3492,0.6667,0.251,4
JSMR.JK,252,63,2020-03-27,2021-04-14,2021-04-29,2021-08-03,0.6032,0.6508,0.382,59
JSMR.JK,252,63,2021-08-04,2022-08-15,2022-08-31,2022-11-25,0.2063,0.619,0.114,1
JSMR.JK,252,63,2022-11-28,2023-12-11,2023-12-28,2024-04-03,0.5079,0.4127,0.5053,35
