ticker,entry_date,exit_date,holding_bars,entry_price,exit_price,gross_return_pct,cost_pct,net_return_pct,open_at_end
BMRI.JK,2025-08-04,2025-08-05,1,4096.5605,4211.8315,2.8138,0.4,2.4138,
BMRI.JK,2025-10-02,2025-10-07,3,3866.0186,3803.949,-1.6055,0.4,-2.0055,
BMRI.JK,2025-10-17,2025-10-21,2,3591.1409,3857.1511,7.4074,0.4,7.0074,
BBNI.JK,2025-07-22,2025-07-23,1,3727.6484,3773.6687,1.2346,0.4,0.8346,
BBNI.JK,2025-12-08,2025-12-12,4,3966.9541,3902.5256,-1.6241,0.4,-2.0241,
BBNI.JK,2025-12-15,2025-12-16,1,4086.6072,4049.7908,-0.9009,0.4,-1.3009,
TLKM.JK,2025-06-10,2025-06-11,1,2494.156,2588.8972,3.7985,0.4,3.3985,
TLKM.JK,2025-06-19,2025-06-20,1,2487.1904,2440.9602,-1.8587,0.4,-2.2587,
TLKM.JK,2025-09-02,2025-09-03,1,2838.5408,2875.5251,1.3029,0.4,0.9029,
TLKM.JK,2025-09-10,2025-09-11,1,2912.5093,2847.7869,-2.2222,0.4,-2.6222,
ASII.JK,2025-05-19,2025-05-22,3,4330.1113,4332.9844,0.0664,0.4,-0.3336,
ASII.JK,2025-07-10,2025-07-11,1,4379.7769,4407.8525,0.641,0.4,0.241,
UNVR.JK,2025-01-03,2025-01-07,2,1550.6039,1554.9718,0.2817,0.4,-0.1183,
UNVR.JK,2025-01-13,2025-01-15,2,1502.557,1515.6608,0.8721,0.4,0.4721,
UNVR.JK,2025-01-17,2025-01-23,4,1563.7075,1520.0286,-2.7933,0.4,-3.1933,
UNVR.JK,2025-02-12,2025-02-13,1,1201.172,1236.1152,2.9091,0.4,2.5091,
UNVR.JK,2025-02-14,2025-02-24,6,1279.7942,1105.0782,-13.6519,0.4,-14.0519,
UNVR.JK,2025-03-11,2025-03-12,1,1039.5598,1004.6166,-3.3613,0.4,-3.7613,
UNVR.JK,2025-03-13,2025-03-14,1,1100.7104,1135.6536,3.1746,0.4,2.7746,
UNVR.JK,2025-04-21,2025-04-22,1,1174.9646,1209.9078,2.974,0.4,2.574,
UNVR.JK,2025-04-23,2025-05-21,17,1244.8511,1537.5001,23.5088,0.4,23.1088,
UNVR.JK,2025-05-22,2025-05-27,3,1585.5471,1520.0286,-4.1322,0.4,-4.5322,
UNVR.JK,2025-05-28,2025-06-03,2,1511.2928,1476.3496,-2.3121,0.4,-2.7121,
UNVR.JK,2025-06-26,2025-06-30,1,1315.0463,1306.0391,-0.6849,0.4,-1.0849,
UNVR.JK,2025-07-08,2025-07-21,9,1369.0892,1396.1107,1.9737,0.4,1.5737,
UNVR.JK,2025-07-22,2025-07-31,7,1414.1251,1540.2255,8.9172,0.4,8.5172,
UNVR.JK,2025-08-01,2025-08-28,18,1594.2683,1576.254,-1.1299,0.4,-1.5299,
UNVR.JK,2025-09-17,2025-09-18,1,1562.7434,1540.2255,-1.4409,0.4,-1.8409,
UNVR.JK,2025-09-19,2025-09-26,5,1544.729,1648.3114,6.7055,0.4,6.3055,
UNVR.JK,2025-09-29,2025-11-24,40,1585.2612,2404.9133,51.7045,0.4,51.3045,
UNVR.JK,2025-11-25,2025-12-02,5,2368.8848,2386.8989,0.7604,0.4,0.3604,
UNVR.JK,2025-12-03,2025-12-10,5,2494.9849,2458.9563,-1.444,0.4,-1.844,
UNVR.JK,2025-12-11,2025-12-29,10,2377.8921,2421.9819,1.8542,0.15,1.7042,True
KLBF.JK,2025-03-24,2025-03-25,1,1049.7646,1078.2651,2.7149,0.4,2.3149,
KLBF.JK,2025-04-08,2025-04-09,1,1002.264,1049.7646,4.7393,0.4,4.3393,
KLBF.JK,2025-04-10,2025-04-17,5,1087.7653,1140.0159,4.8035,0.4,4.4035,
KLBF.JK,2025-04-21,2025-04-24,3,1163.7662,1201.7667,3.2653,0.4,2.8653,
KLBF.JK,2025-09-24,2025-09-25,1,1133.0822,1113.6301,-1.7167,0.4,-2.1167,
KLBF.JK,2025-09-29,2025-09-30,1,1089.3151,1099.0411,0.8929,0.4,0.4929,
KLBF.JK,2025-10-23,2025-10-28,3,1152.5342,1293.5616,12.2363,0.4,11.8363,
KLBF.JK,2025-11-05,2025-11-06,1,1283.8356,1215.7534,-5.303,0.4,-5.703,
KLBF.JK,2025-12-17,2025-12-29,6,1191.4384,1196.3014,0.4082,0.15,0.2582,True
PTBA.JK,2025-10-03,2025-10-10,5,2216.6309,2273.9575,2.5862,0.4,2.1862,
PTBA.JK,2025-11-18,2025-12-17,21,2207.0764,2168.8586,-1.7316,0.4,-2.1316,
PTBA.JK,2025-12-18,2025-12-23,3,2159.3042,2178.4131,0.885,0.4,0.485,
HMSP.JK,2025-03-06,2025-03-07,1,464.95,456.4963,-1.8182,0.4,-2.2182,
HMSP.JK,2025-06-19,2025-06-20,1,572.5089,572.5089,0.0,0.4,-0.4,
HMSP.JK,2025-09-23,2025-10-01,6,766.4231,738.7211,-3.6145,0.4,-4.0145,
HMSP.JK,2025-10-06,2025-10-07,1,697.168,683.317,-1.9868,0.4,-2.3868,
HMSP.JK,2025-10-27,2025-11-06,8,771.0402,803.3592,4.1916,0.4,3.7916,
SMGR.JK,2025-01-16,2025-01-20,2,2709.2327,2794.7874,3.1579,0.4,2.7579,
SMGR.JK,2025-01-21,2025-01-22,1,2861.3298,2804.2937,-1.9933,0.4,-2.3933,
SMGR.JK,2025-01-31,2025-02-03,1,2671.2085,2623.678,-1.7794,0.4,-2.1794,
SMGR.JK,2025-03-04,2025-03-12,6,2100.8435,2224.4226,5.8824,0.4,5.4824,
SMGR.JK,2025-03-19,2025-03-20,1,2119.8557,2138.8679,0.8969,0.4,0.4969,
SMGR.JK,2025-03-24,2025-03-25,1,2110.3499,2386.0259,13.063,0.4,12.663,
SMGR.JK,2025-04-10,2025-04-11,1,2053.3132,2034.301,-0.9259,0.4,-1.3259,
SMGR.JK,2025-04-15,2025-04-17,2,2376.52,2328.9897,-2.0,0.4,-2.4,
SMGR.JK,2025-05-28,2025-06-02,1,2671.2085,2623.678,-1.7794,0.4,-2.1794,
SMGR.JK,2025-06-11,2025-06-12,1,2786.3086,2874.9189,3.1802,0.4,2.7802,
SMGR.JK,2025-06-13,2025-06-16,1,2855.2278,2835.5366,-0.6897,0.4,-1.0897,
SMGR.JK,2025-07-24,2025-07-25,1,2461.4033,2431.8665,-1.2,0.4,-1.6,
SMGR.JK,2025-10-17,2025-10-20,1,2353.1016,2471.249,5.0209,0.4,4.6209,
SMGR.JK,2025-12-01,2025-12-03,2,2825.6909,2815.8455,-0.3484,0.4,-0.7484,
JSMR.JK,2025-03-03,2025-03-04,1,3387.4866,3305.3103,-2.4259,0.4,-2.8259,
JSMR.JK,2025-05-14,2025-05-19,3,3743.5835,3807.4983,1.7073,0.4,1.3073,
JSMR.JK,2025-08-25,2025-08-26,1,3253.7283,3244.2422,-0.2915,0.4,-0.6915,
JSMR.JK,2025-09-02,2025-09-03,1,3168.3535,3234.7561,2.0958,0.4,1.6958,
JSMR.JK,2025-12-02,2025-12-04,2,3263.2144,3234.7561,-0.8721,0.4,-1.2721,
JSMR.JK,2025-12-11,2025-12-12,1,3196.8118,3215.7839,0.5935,0.4,0.1935,
